{"cameraMode":{"drawMode":0,"name":"Shaded","section":"Shading Mode"},"sceneLighting":false,"audioPlay":false,"sceneViewState":{"m_AlwaysRefresh":false,"showFog":true,"showSkybox":false,"showFlares":true,"showImageEffects":true,"showParticleSystems":true,"showVisualEffectGraphs":true,"m_FxEnabled":true},"in2DMode":false,"pivot":{"x":27.014999389648439,"y":0.4099999666213989,"z":31.829999923706056},"rotation":{"x":-0.22768646478652955,"y":0.029787760227918626,"z":-0.006968464236706495,"w":-0.9732604026794434},"size":1.6392309665679932,"orthographic":false}